;ADAMANTINA - SP;ALVARES MACHADO - SP;ANDRADINA - SP;ASSIS - SP;BATAGUASSU - MS;BERNARDINO DE CAMPOS - SP;BIRIGUI - SP;BITURUNA - PR;BOA ESPERANÇA DO IGUAÇU - PR;BURITAMA - SP;CAFELÂNDIA - SP;CAPANEMA - PR;CAPITÃO LEÔNIDAS MARQUES - PR;CASCAVEL - PR;CEU AZUL - PR;CORONEL VIVIDA - PR;DIAMANTE DO OESTE - PR;DOIS VIZINHOS - PR;DRACENA - SP;ESTRELA DO NORTE - SP;FORMOSA DO OESTE - PR;FOZ DO IGUAÇU - PR;FRANCISCO BELTRÃO - PR;GÁLIA - SP;GARÇA - SP;GUAIÇARA - SP;GUARAÇAI - SP;GUARANIAÇU - PR;GUARANTÃ - SP;GUARAPUAVA - PR;HERCULÂNDIA - SP;HONORIO SERPA - PR;IBIRAREMA - SP;IMBUTIVA - PR;IPORÃ - PR;IRATI - PR;ITAPEJARA D'OESTE - PR;ITAPEVA - SP;LARANJEIRAS DO SUL - PR;LINDOESTE - PR;LINS - SP;MANGUEIRINHA - PR;MARECHAL CÂNDIDO RONDON - PR;MARÍLIA - SP;MEDIANEIRA - PR;MIRANDOPOLIS - SP;MISSAL - PR;NOVA LARANJEIRAS - PR;NOVA PRATA DO IGUAÇU - PR;NOVA SANTA ROSA - PR;OSVALDO CRUZ - SP;OURINHOS - SP;PACAEMBU - SP;PALMAS - PR;PARAPUÃ - SP;PAULO FRONTIN - PR;PENAPOLIS - SP;PIRAJUÍ - SP;PIRAPOZINHO - SP;PONTA GROSSA - PR;PRES. BERNARDES - SP;PRES. EPITÁCIO - SP;PRES. PRUDENTE - SP;PRES. VENCESLAU - SP;PROMISSÃO - SP;QUATRO PONTES - PR;QUEDAS DO IGUAÇU - PR;RANCHARIA - SP;REALEZA - PR;REGENTE FEIJÓ - SP;RIBEIRÃO DO SUL - SP;RIO AZUL - PR;RIO BONITO DO IGUAÇU - PR;SALGADO FILHO - PR;SALTO GRANDE - SP;SANTA CRUZ DO RIO DO PARDO - SP;SANTA HELENA - PR ;SANTA IZABEL DO OESTE - PR;SANTA TEREZA DO OESTE - PR;SANTA TEREZINHA DO ITAIPU - PR;SANTO ANASTÁCIO - SP;SANTO ANTONIO DO SUDOESTE - PR;SÃO JOÃO DO IVAÍ - PR;SÃO PEDRO DO TURVO - SP;TACIBA -SP;TEODORO SAMPAIO - SP;TERRA ROXA - PR;TOLEDO - PR;TRÊS LAGOAS - MS;TUPÃ - SP;TUPI PAULISTA - SP;UNIÃO DA VITÓRIA - PR;VERA CRUZ - SP
ADAMANTINA - SP;0;110;132;173;191;291;120;691;453;154;185;678;631;565;607;706;640;718;58,7;165;489;698;737;196;178;162;113;621;195;555;89,3;726;212;575;499;603;734;449;619;601;168;697;640;142;643;81,5;669;655;666;569;27,9;240;27,6;760;35;689;128;214;135;531;139;160;114;125;157;633;672;94,4;655;113;218;636;634;724;225;264;673;673;580;677;149;722;694;240;140;205;551;602;173;66,9;72,4;722;161
ALVARES MACHADO - SP;110;0;169;136;112;254;179;618;352;213;244;578;530;464;506;634;540;617;106;65;389;597;636;239;221;221;195;520;254;460;149;654;175;481;399;509;648;412;547;501;227;625;540;189;542;141;568;555;565;468;94,2;203;85,6;687;97,2;595;187;273;34,4;445;16;80,2;13,8;48,3;215;532;572;71,7;554;30,5;198;542;539;624;188;227;572;572;480;576;25;621;622;227;48,2;125;450;501;210;126;109;628;203
ANDRADINA - SP;132;169;0;300;190;418;127;773;507;161;220;678;685;619;661;789;695;772;78,1;229;544;752;791;305;284;197;30,6;675;230;638;219;809;339;645;510;673;803;567;702;656;202;780;695;266;697;48;723;710;720;598;157;368;107;842;165;759;163;248;199;610;161;159;178;124;191;617;727;224;709;195;363;706;716;779;353;391;727;727;635;731;148;776;777;392;212;204;581;656;41,6;196;60,6;792;285
ASSIS - SP;173;136;300;0;242;124;215;572;380;253;145;605;558;491;534;588;567;623;237;164;416;625;648;124;106;148;283;548;132;446;103;607;44,9;409;425;437;616;282;500;528;146;578;567;74,2;570;251;596;582;593;494;151;73,2;197;641;141;523;188;155;133;365;147;212;128;180;167;559;599;76,1;581;114;68,1;470;515;651;58,2;96,8;599;599;507;604;156;648;575;156;113;222;477;528;341;101;241;556;88,6
BATAGUASSU - MS;191;112;190;242;0;361;286;718;451;320;351;676;628;557;603;734;548;716;128;172;424;695;735;346;327;328;217;620;361;581;255;754;282;587;394;614;747;519;645;599;333;725;486;296;638;221;571;663;664;497;201;310;166;788;204;701;293;379;141;551;104;36,9;120;65,9;322;494;662;178;652;137;305;648;660;722;295;334;538;670;577;680;90,1;719;387;334;155;133;450;471;135;233;131;734;310
BERNARDINO DE CAMPOS - SP;291;254;418;124;361;0;277;621;472;315;202;698;650;584;655;637;688;695;355;281;537;717;697;130;141;227;377;640;193;483;213;657;82,3;388;518;415;665;175;592;621;220;628;660;142;662;365;688;626;685;587;269;51,8;314;668;259;502;250;172;251;343;265;329;245;297;229;652;656;194;674;231;78,4;448;607;757;71,3;23,5;692;692;599;696;724;741;647;52,4;231;340;598;650;454;219;358;535;151
BIRIGUI - SP;120;179;127;215;286;277;0;742;504;37,9;100;730;682;616;658;758;692;769;172;216;541;749;788;185;156;77;103;672;110;607;114;778;255;576;551;603;786;448;670;653;82,6;748;692;146;694;91,5;720;706;717;620;97,9;243;140;811;84,6;690;43;129;185;531;190;254;165;222;71,6;684;724;145;706;164;223;636;685;776;238;276;724;724;631;728;199;773;746;245;191;275;602;653;165;118;183;722;165
BITURUNA - PR;691;618;773;572;718;621;742;0;407;776;739;389;358;339;385;226;419;284;710;554;432;479;284;681;676;741;800;266;726;135;669;246;601;231;477;206;277;521;206;381;740;116;420;662;418;752;448;242;332;431;654;573;697;154;659;125;782;737;584;287;630;685;609;653;761;412;270;599;367;574;598;172;221;333;590;608;451;347;359;462;639;371;329;608;552;575;472;382;816;659;714;84,8;671
BOA ESPERANÇA DO IGUAÇU - PR;453;352;507;380;451;472;504;407;0;538;524;253;205;134;180;363;214;293;445;288;85,5;274;312;503;485;546;534;197;511;271;474;382;422;395;143;370;336;617;260;176;525;389;215;453;216;486;285;240;241;184;419;423;431;452;422;463;512;533;318;403;365;420;343;388;540;207;239;385;229;345;446;410;275;299;436;474;246;247;154;257;373;297;165;475;339;309;195;177;549;451;448;484;467
BURITAMA - SP;154;213;161;253;320;315;37,9;776;538;0;137;764;716;650;692;792;725;803;207;245;575;783;822;221;201;113;139;706;147;640;150;811;291;613;584;641;820;484;704;687;119;782;725;183;728;127;754;740;751;654;134;279;175;845;120;727;53,3;165;214;569;219;283;194;251;108;718;757;181;740;192;259;674;719;810;275;312;758;758;665;762;228;807;779;281;219;303;636;687;198;154;218;760;202
CAFELÂNDIA - SP;185;244;220;145;351;202;100;739;524;137;0;749;702;637;678;732;711;789;242;283;560;769;815;89,7;69,3;30,5;198;692;15;600;115;775;183;506;569;533;760;352;644;672;22,7;745;711;74,5;714;186;740;726;737;639;165;171;210;786;151;620;70,9;33,5;252;461;256;321;231;231;49,8;704;743;189;726;230;151;566;659;795;166;163;744;744;651;748;265;793;720;198;257;341;621;673;258;124;255;652;93,4
CAPANEMA - PR;678;578;678;605;676;698;730;389;253;764;749;0;47,8;121;132;187;167;97,7;670;513;223;225;107;728;710;771;760;187;7366;314;699;207;648;438;251;414;148;691;206;77,3;777;230;194;678;167;711;195;196;65,2;205;644;648;656;239;648;409;737;759;544;472;590;645;568;613;766;187;137;611;43,7;571;671;453;203;93,8;661;700;199;45,2;106;210;599;55,6;390;700;564;534;246;156;774;677;674;369;693
CAPITÃO LEÔNIDAS MARQUES - PR;631;530;685;558;628;650;682;358;205;716;702;47,8;0;72,4;84,8;188;119;92,3;622;466;175;179;107;681;662;724;712;139;689;266;651;208;600;390;204;366;131;644;158;29,7;729;215;147;631;120;664;148;149;40,4;157;597;601;609;240;600;409;689;711;496;424;542;597;521;565;718;139;89,6;563;24,3;523;623;405;173;94;613;652;151;42,4;58,7;162;551;103;343;652;516;487;198;108;726;629;626;370;645
CASCAVEL - PR;565;464;619;491;557;584;616;339;134;650;637;121;72,4;0;48,7;247;82,9;160;556;399;112;143;181;614;596;657;646;81,3;622;253;585;267;534;374;141;353;198;628;142;44,8;636;271;84;564;82,4;597;112;122;108;94,6;531;535;542;334;534;443;623;645;430;408;474;531;456;501;652;76,2;121;497;98,1;457;557;390;157;168;547;586;115;116;22,8;650;485;165;276;564;450;420;136;45,6;656;563;560;416;579
CEU AZUL - PR;607;506;661;534;603;655;658;385;180;692;678;132;84,8;48,7;0;288;43,2;170;599;442;151;94,9;191;657;639;700;688;122;665;122;627;308;576;418;179;393;209;672;186;56,3;679;315;123;607;35,8;640;63,3;166;119;134;573;577;585;325;576;487;665;687;472;453;518;574;497;542;694;115;165;539;110;499;600;434;201;179;590;628;76,3;128;27,5;72;527;177;319;628;493;463;175;62,2;701;605;602;455;621
CORONEL VIVIDA - PR;706;634;789;588;734;637;758;226;363;792;732;187;188;247;288;0;322;83,9;726;569;335;380;74,3;697;692;734;816;169;719;159;685;23,8;617;283;380;259;42,2;537;106;196;733;56,4;323;678;323;767;350;145;133;333;670;589;713;119;675;293;775;753;600;317;646;701;625;669;754;315;121;614;159;590;614;298;88,2;146;606;624;354;139;74,6;42,7;655;183;345;624;568;591;375;285;832;693;730;253;686
DIAMANTE DO OESTE - PR;640;540;695;567;548;688;692;419;214;725;711;167;119;82,9;43,2;322;0;204;632;475;152;115;226;690;672;714;722;156;698;328;661;342;610;452;181;428;243;705;220;89,6;712;349;90,9;640;77,9;673;42,7;200;682;107;606;638;618;358;609;520;699;721;506;486;552;607;530;575;728;106;199;572;143;533;633;467;234;213;623;662;32,9;161;60,8;93,8;561;210;352;662;526;496;172;74,3;735;639;635;488;655
DOIS VIZINHOS - PR;718;617;772;623;716;695;769;284;293;803;789;97,7;92,3;160;170;83,9;204;0;709;552;260;263;48,6;755;750;810;799;154;754;217;738;104;675;341;289;317;41,7;595;126;115;768;126;232;696;205;750;233;130;51,9;243;684;647;696;170;686;340;776;798;583;431;629;684;608;652;805;224;69,9;650;72,8;610;672;356;108;99,6;664;682;237;52,8;144;241;638;105;381;682;603;574;284;194;815;716;713;300;744
DRACENA - SP;58,7;106;78,1;237;128;355;172;710;445;207;242;670;622;556;599;726;632;709;0;167;481;690;729;252;234;218;105;613;251;575;145;746;277;583;447;610;740;514;639;593;224;717;632;198;635;88,2;661;647;658;536;83,9;305;33,3;780;91,1;697;184;270;137;547;99,3;96,9;116;61,6;213;554;664;150;646;133;300;643;654;716;291;329;664;664;572;669;85,5;713;714;329;150;142;518;593;119;123;18,8;729;217
ESTRELA DO NORTE - SP;165;65;229;164;172;281;216;554;288;245;283;513;466;399;442;569;475;552;167;0;324;533;572;283;265;258;256;456;291;418;186;589;202;450;330;477;583;439;482;436;264;560;475;233;478;198;504;490;501;399;131;231;143;623;134;563;224;310;30,5;413;76,8;141;55,3;109;253;467;507;109;490;57,6;226;510;497;559;216;254;507;508;415;512;85,8;556;557;255;75,5;66,6;382;436;270;163;170;596;247
FORMOSA DO OESTE - PR;489;389;544;416;424;537;541;432;85,5;575;560;223;175;112;151;335;152;260;481;324;0;243;282;539;521;563;571;196;547;319;510;355;459;443;122;418;299;638;232;146;561;361;113;489;185;522;213;212;209;104;455;487;467;424;458;511;548;570;355;451;401;456;379;424;577;105;211;421;199;382;482;458;247;269;471;511;159;217;124;228;410;267;201;516;375;345;112;74,4;579;488;484;544;504
FOZ DO IGUAÇU - PR;698;597;752;625;695;717;749;479;274;783;769;225;179;143;94,9;380;115;263;690;533;243;0;283;748;730;771;779;214;756;386;718;400;667;510;271;485;301;763;277;147;770;406;163;698;59;731;72,7;257;210;181;664;668;676;416;667;578;756;778;563;544;609;665;588;633;785;185;256;630;201;590;691;525;292;270;681;719;107;219;118;21,7;618;268;410;719;584;554;266;153;793;696;693;546;712
FRANCISCO BELTRÃO - PR;737;636;791;648;735;697;788;284;312;822;815;107;107;181;191;74,3;226;48,6;729;572;282;283;0;758;752;830;818;199;802;220;757;94,4;677;343;310;319;35,3;597;137;136;816;117;253;738;226;770;254;175;74,5;263;703;649;715;136;706;305;795;813;602;378;648;703;627;672;824;245;116;669;84,6;629;674;359;119;53,1;666;684;257;65,5;165;262;657;95,7;405;684;622;593;304;214;833;735;732;265;747
GÁLIA - SP;196;239;305;124;346;130;185;681;503;221;89,7;728;681;614;657;697;690;755;252;283;539;748;758;0;20,5;115;283;671;76,5;543;121;717;100;448;548;476;725;308;623;651;108;688;690;53;693;271;719;705;716;618;176;104;221;728;165;562;156;75,7;253;404;251;315;226;283;150;683;722;168;705;233;84,5;509;638;774;100;109;723;723;630;727;259;772;707;75,6;233;342;600;652;342;130;266;595;38,4
GARÇA - SP;178;221;284;106;327;141;156;676;485;201;69,3;710;662;596;639;692;672;750;234;265;521;730;752;20,5;0;95;262;653;56;538;103;712;103;443;530;471;720;319;605;633;87,1;683;672;34,4;675;250;701;687;698;599;157;107;202;723;147;557;135;78,6;234;398;232;296;207;264;114;664;704;150;686;106;87,3;504;620;756;103;120;704;704;612;709;241;753;702;109;214;324;582;633;322;112;248;590;19,7
GUAIÇARA - SP;162;221;197;148;328;227;77;741;546;113;30,5;771;724;657;700;734;714;810;218;258;563;771;830;115;95;0;174;694;41,2;603;95,4;777;185;508;590;536;762;378;647;675;13,5;748;714;76,7;716;162;742;748;739;661;141;173;186;788;127;622;47,1;59,7;228;464;233;297;208;265;12,8;725;765;188;728;206;153;569;662;798;169;207;746;746;653;770;242;795;722;175;234;318;623;675;234;104;231;655;95,6
GUARAÇAI - SP;113;195;30,6;283;217;377;103;800;534;139;198;760;712;646;688;816;722;799;105;256;571;779;818;283;262;174;0;702;207;664;199;836;322;676;536;700;830;545;728;683;180;806;721;244;724;25,4;750;736;747;625;137;340;82;869;145;786;140;226;227;631;189;187;206;152;169;644;753;204;736;223;320;733;743;806;335;373;754;754;661;758;176;803;804;342;240;232;608;683;68,1;176;88,5;822;262
GUARANIAÇU - PR;621;520;675;548;620;640;672;266;197;706;692;187;139;81,3;122;169;156;154;613;456;196;214;199;671;653;694;702;0;679;174;642;188;590;298;214;274;167;552;65,9;118;693;195;157;621;157;654;184;45,8;157;167;587;591;599;258;590;366;680;701;486;332;533;588;511;556;708;149;84,3;553;163;513;614;313;80,4;233;604;642;188;181;95,3;199;541;230;333;643;507;477;209;118;718;619;616;340;635
GUARANTÃ - SP;195;254;230;132;361;193;110;726;511;147;15;7366;689;622;665;719;698;754;251;291;547;756;802;76,5;56;41,2;207;679;0;587;115;761;170;492;556;520;747;343;631;659;32,9;732;698;61,4;769;196;727;713;724;625;175;157;220;773;162;606;81,2;24,4;262;448;267;331;242;299;60;690;730;176;712;241;138;553;646;782;153;171;693;731;638;735;276;779;706;160;241;352;608;659;268;124;266;639;80,3
GUARAPUAVA - PR;555;460;638;446;581;483;607;135;271;640;600;314;266;253;122;159;328;217;575;418;319;386;220;543;538;603;664;174;587;0;534;179;463;129;385;104;187;382;114;289;601;150;328;523;329;596;356;150;266;339;519;434;561;213;524;197;614;599;448;163;495;550;473;518;622;320;178;463;290;439;459;144;129;272;452;469;359;266;267;370;504;315;194;469;416;439;380;290;680;532;578;230;532
HERCULÂNDIA - SP;89,3;149;219;103;255;213;114;669;474;150;115;699;651;585;627;685;661;738;145;186;510;718;757;121;103;95,4;199;642;115;534;0;705;143;506;520;534;699;380;597;622;93,8;675;661;66,9;664;168;689;676;687;589;68,4;68,4;114;738;58,2;620;85;138;156;461;161;225;136;193;113;653;693;84,5;675;134;143;566;612;745;156;195;693;693;601;697;170;742;673;165;161;245;571;622;259;23;159;653;85,8
HONORIO SERPA - PR;726;654;809;607;754;657;778;246;382;811;775;207;208;267;308;23,8;342;104;746;589;355;400;94,4;717;712;777;836;188;761;179;705;0;637;303;400;279;62;556;126;216;776;76,2;343;698;343;787;370;164;153;354;690;609;732;67;695;241;818;773;620;338;666;721;644;689;796;335;142;634;179;610;634;319;109;166;626;644;374;159;281;379;675;203;365;644;588;611;394;304;852;713;750;201;707
IBIRAREMA - SP;212;175;339;44,9;282;82,3;255;601;422;291;183;648;600;534;576;617;610;675;277;202;459;667;677;100;103;185;322;590;170;463;143;637;0;368;468;395;645;239;572;571;184;607;610;88,9;612;291;638;624;635;537;191;30,9;236;648;181;482;226;201;173;323;187;251;167;219;204;602;642;116;624;153;25,8;428;587;694;15,9;54,5;642;642;549;646;196;691;627;54,8;153;262;519;571;380;140;280;515;97,4
IMBUTIVA - PR;575;481;645;409;587;388;576;231;395;613;506;438;390;374;418;283;452;341;583;450;443;510;343;448;443;508;676;298;492;129;506;303;368;0;510;27,5;311;287;238;413;506;274;452;429;452;654;480;274;390;463;554;340;600;281;544;115;549;504;461;68;493;557;473;525;527;445;302;479;414;459;364;61,6;253;396;357;374;483;391;391;494;502;439;317;374;437;475;504;414;686;504;586;148;437
IPORÃ - PR;499;399;510;425;394;518;551;477;143;584;569;251;204;141;179;380;181;289;447;330;122;271;310;548;530;590;536;214;556;385;520;400;468;510;0;486;328;647;278;175;596;407;88,5;498;214;532;206;258;238;71,3;465;468;477;470;468;578;558;579;364;544;411;422;389;390;585;90,3;257;443;228;390;491;525;292;298;481;520;173;246;153;256;420;295;241;520;383;328;54;103;550;497;450;552;513
IRATI - PR;603;509;673;437;614;415;603;206;370;641;533;414;366;353;393;259;428;317;610;477;418;485;319;476;471;536;700;274;520;104;534;279;395;27,5;486;0;287;313;214;389;534;250;428;456;428;644;456;250;366;439;582;367;589;255;571;89,6;576;531;489;84,5;521;585;501;553;555;420;278;507;390;487;392;36,6;229;372;384;402;459;367;374;464;530;428;292;408;465;503;480;390;712;532;614;123;465
ITAPEJARA D'OESTE - PR;734;648;803;616;747;665;786;277;336;820;760;148;131;198;209;42,2;243;41,7;740;583;299;301;35,3;725;720;762;830;167;747;187;699;62;645;311;328;287;0;565;105;154;761;84,3;271;706;243;781;272;143;90,6;281;684;617;726;128;689;298;793;781;614;345;638;715;618;683;781;263;98,1;628;120;604;642;326;86,6;88;634;652;275;92,1;183;286;647;141;373;616;582;605;322;232;845;707;744;258;714
ITAPEVA - SP;449;412;567;282;519;175;448;521;617;484;352;691;644;628;672;537;705;595;514;439;638;763;597;308;319;378;545;552;343;382;380;556;239;287;647;313;565;0;492;667;369;527;706;299;708;532;734;526;743;717;426;209;471;565;415;399;417;321;407;227;422;486;402;454;396;699;555;350;668;388;235;346;507;657;228;200;644;644;645;742;431;699;547;228;388;497;758;667;605;375;515;432;308
LARANJEIRAS DO SUL - PR;619;547;702;500;645;592;670;206;260;704;644;206;158;142;186;106;220;126;639;482;232;277;137;623;605;647;728;65,9;631;114;597;126;572;238;278;214;105;492;0;181;645;133;220;573;220;680;248;42;175;231;582;544;625;195;588;307;678;654;512;273;536;614;516;582;666;213;69,7;527;182;502;569;254;18,2;190;561;579;251;176;159;262;545;228;258;579;480;503;272;182;744;596;642;280;588
LINDOESTE - PR;601;501;656;528;599;621;653;381;176;687;672;77,3;29,7;44,8;56,3;196;89,6;115;593;436;146;147;136;651;633;675;683;118;659;289;622;216;571;413;175;389;154;667;181;0;673;238;117;601;90,1;634;118;161;63,2;128;567;572;579;269;570;439;660;682;467;447;513;568;491;536;689;110;113;534;53,6;494;594;428;195;134;584;623;122;71,8;29,4;133;522;121;313;623;487;457;169;78,8;697;600;597;399;616
LINS - SP;168;227;202;146;333;220;82,6;740;525;119;22,7;777;729;636;679;733;712;768;224;264;561;770;816;108;87,1;13,5;180;693;32,9;601;93,8;776;184;506;596;534;761;369;645;673;0;746;712;78,5;715;168;741;727;738;640;146;175;192;787;133;620;52,7;51,3;234;462;238;302;213;270;27,9;705;744;194;727;212;155;567;660;796;170;198;745;745;652;749;247;794;721;177;239;323;622;673;240;106;237;653;97,4
MANGUEIRINHA - PR;697;625;780;578;725;628;748;116;389;782;745;230;215;271;315;56,4;349;126;717;560;361;406;117;688;683;748;806;195;732;150;675;76,2;607;274;407;250;84,3;527;133;238;746;0;349;668;349;758;377;171;175;360;661;579;703;66;666;240;789;743;590;308;637;692;615;660;767;342;155;605;201;580;604;286;114;178;597;614;380;176;288;385;646;226;336;614;558;581;401;311;823;683;720;200;677
MARECHAL CÂNDIDO RONDON - PR;640;540;695;567;486;660;692;420;215;725;711;194;147;84;123;323;90,9;232;632;475;113;163;253;690;672;714;721;157;698;328;661;343;610;452;88,5;428;271;706;220;117;712;349;0;640;121;673;91,5;200;180;18,2;606;610;618;412;609;521;699;721;505;487;552;522;530;477;728;9,8;199;572;170;533;633;468;235;251;623;661;58,2;189;95,5;149;561;238;352;662;526;415;88,6;42;623;638;635;494;655
MARÍLIA - SP;142;189;266;74,2;296;142;146;662;453;183;74,5;678;631;564;607;678;640;696;198;233;489;698;738;53;34,4;76,7;244;621;61,4;523;66,9;698;88,9;429;498;456;706;299;573;601;78,5;668;640;0;643;232;669;655;666;568;120;94,6;165;709;110;543;117;83,1;203;384;201;265;176;233;95,4;633;672;119;655;184;74,8;489;588;724;90,6;119;673;673;580;677;210;722;649;96,7;184;293;550;601;304;74,3;210;575;17,5
MEDIANEIRA - PR;643;542;697;570;638;662;694;418;216;728;714;167;120;82,4;35,8;323;77,9;205;635;478;185;59;226;693;675;716;724;157;769;329;664;343;612;452;214;428;243;708;220;90,1;715;349;121;643;0;676;29,5;200;153;168;609;613;621;359;612;521;702;723;508;487;555;610;533;578;730;149;199;575;143;535;636;468;235;213;626;664;64,3;162;63,7;44,3;563;213;355;665;529;499;211;98,3;737;641;638;491;657
MIRANDOPOLIS - SP;81,5;141;48;251;221;365;91,5;752;486;127;186;711;664;597;640;767;673;750;88,2;198;522;731;770;271;250;162;25,4;654;196;596;168;787;291;654;532;644;781;532;680;634;168;758;673;232;676;0;702;688;699;601;108;320;56,7;821;210;768;128;214;167;610;140;192;146;154;157;665;705;174;687;166;308;677;675;757;305;361;706;706;613;710;178;754;755;330;184;234;584;634;85,5;146;106;801;251
MISSAL - PR;669;568;723;596;571;688;720;448;285;754;740;195;148;112;63,3;350;42,7;233;661;504;213;72,7;254;719;701;742;750;184;727;356;689;370;638;480;206;456;272;734;248;118;741;377;91,5;669;29,5;702;0;228;181;109;635;639;647;387;638;549;727;749;534;515;580;636;559;604;756;99,6;227;601;172;561;662;496;263;252;652;690;34,7;190;89,6;58,1;589;239;381;690;555;525;174;116;764;667;664;517;683
NOVA LARANJEIRAS - PR;655;555;710;582;663;626;706;242;240;740;726;196;149;122;166;145;200;130;647;490;212;257;175;705;687;748;736;45,8;713;150;676;164;624;274;258;250;143;526;42;161;727;171;200;655;200;688;228;0;165;201;621;578;633;232;624;341;714;735;520;307;567;622;545;590;743;183;58,6;587;171;547;603;288;54,7;217;595;613;222;178;130;233;576;239;292;613;541;511;243;152;770;653;650;314;669
NOVA PRATA DO IGUAÇU - PR;666;565;720;593;664;685;717;332;241;751;737;65,2;40,4;108;119;133;682;51,9;658;501;209;210;74,5;716;698;739;747;157;724;266;687;153;635;390;238;366;90,6;743;175;63,2;738;175;180;666;153;699;181;165;0;191;632;636;644;210;635;379;725;746;531;424;578;633;556;601;753;173;108;598;40,7;558;659;405;157;103;649;687;185;40,3;92,6;196;586;92,4;378;688;552;522;232;142;763;664;661;340;680
NOVA SANTA ROSA - PR;569;468;598;494;497;587;620;431;184;654;639;205;157;94,6;134;333;107;243;536;399;104;181;263;618;599;661;625;167;625;339;589;354;537;463;71,3;439;281;717;231;128;640;360;18,2;568;168;601;109;201;191;0;531;538;546;423;538;532;627;648;434;498;480;533;459;479;656;19,8;210;512;181;461;560;479;246;262;550;589;75,9;199;106;181;489;249;240;589;452;397;65,9;56,3;634;567;539;505;582
OSVALDO CRUZ - SP;27,9;94,2;157;151;201;269;97,9;654;419;134;165;644;597;531;573;670;606;684;83,9;131;455;664;703;176;157;141;137;587;175;519;68,4;690;191;554;465;582;684;426;582;567;146;661;606;120;609;108;635;621;632;531;0;219;52,5;723;12,6;668;106;193;101;510;106;172;80,7;138;135;599;638;73,1;621;79,5;197;615;597;690;204;243;639;639;546;643;115;688;658;219;107;191;513;568;198;47,5;98,4;701;139
OURINHOS - SP;240;203;368;73,2;310;51,8;243;573;423;279;171;648;601;535;577;589;638;647;305;231;487;668;649;104;107;173;340;591;157;434;68,4;609;30,9;340;468;367;617;209;544;572;175;579;610;94,6;613;320;639;578;636;538;219;0;265;620;210;454;214;179;200;295;215;281;196;249;192;603;607;145;652;182;29,7;400;559;709;22,6;32,2;643;643;550;647;225;692;599;39,6;182;291;548;599;409;170;311;486;102
PACAEMBU - SP;27;85,6;107;197;166;314;140;697;431;175;210;656;609;542;585;713;618;696;33,3;143;467;676;715;221;202;186;82;599;220;561;114;732;236;600;477;589;726;471;625;579;192;703;618;165;621;56,7;647;633;644;546;52,5;265;0;766;57,9;714;152;238;112;555;84,6;137;90,3;99,8;181;611;650;119;633;112;243;622;630;702;250;288;650;651;557;654;124;700;358;264;129;180;529;580;148;91,5;47,6;747;185
PALMAS - PR;760;687;842;641;788;668;811;154;452;845;786;239;240;334;325;119;358;170;780;623;424;416;136;728;723;788;869;258;773;213;738;67;648;281;470;255;128;565;195;269;787;66;412;709;359;821;387;232;210;423;723;620;766;0;729;174;829;784;653;337;700;755;678;723;807;379;218;668;218;643;645;221;177;175;637;655;391;199;298;402;708;222;399;655;621;644;438;348;886;746;783;135;717
PARAPUA - SP;35;97,2;165;141;204;259;84,6;659;422;120;151;648;600;534;576;675;609;686;91,1;134;458;667;706;165;147;127;145;590;162;524;58,2;695;181;544;468;571;689;415;588;570;133;666;609;110;612;210;638;624;635;538;12,6;210;57,9;729;0;658;93;180;103;500;109;175;83,4;141;122;601;641;63,2;624;82,2;187;605;603;695;209;233;642;642;549;646;117;691;663;209;109;193;520;571;205;35,8;105;691;129
PAULO FRONTIN - PR;689;595;759;523;701;502;690;125;463;727;620;409;409;443;487;293;520;340;697;563;511;578;305;562;557;622;786;366;606;197;620;241;482;115;578;89,6;298;399;307;439;620;240;521;543;521;768;549;341;379;532;668;454;714;174;658;0;663;618;575;171;607;671;587;639;641;513;370;593;387;573;478;55;322;344;471;488;552;368;460;563;616;391;385;488;551;589;573;483;800;618;700;41,6;551
PENAPOLIS - SP;128;187;163;188;293;250;43;782;512;53,3;70,9;737;689;623;665;775;699;776;184;224;548;756;795;156;135;47,1;140;680;81,2;614;85;818;226;549;558;576;793;417;678;660;52,7;789;699;117;702;128;727;714;725;627;106;214;152;829;93;663;0;99,3;193;504;198;265;174;230;28,4;691;731;154;713;172;194;609;692;783;210;247;731;731;639;735;207;780;753;216;199;283;609;660;200;94,3;197;696;137
PIRAJUÍ - SP;214;273;248;155;379;172;129;737;533;165;33,5;759;711;645;687;753;721;798;270;310;570;778;813;75,7;78,6;59,7;226;701;24,4;599;138;773;201;504;579;531;781;321;654;682;51,3;743;721;83,1;723;214;749;735;746;648;193;179;238;784;180;618;99,3;0;279;459;285;351;260;316;78,2;713;753;199;735;259;158;564;669;805;191;134;753;753;660;757;294;802;729;169;263;370;630;682;286;147;284;650;104
PIRAPOZINHO - SP;135;34,4;199;133;141;251;185;584;318;214;252;544;496;430;472;600;506;583;137;30,5;355;563;602;253;234;228;227;486;262;448;156;620;173;461;364;489;614;407;512;467;234;590;505;203;508;167;534;520;531;434;101;200;112;653;103;575;193;279;0;425;46,2;112;24,9;78,2;222;498;537;78,1;520;26,9;195;522;527;590;185;224;538;538;445;542;55;587;588;224;44,7;89,5;412;467;240;133;139;608;217
PONTA GROSSA - PR;531;445;610;365;551;343;531;287;403;569;461;472;424;408;453;317;486;431;547;413;451;544;378;404;398;464;631;332;448;163;461;338;323;68;544;84,5;345;227;273;447;462;308;487;384;487;610;515;307;424;498;510;295;555;337;500;171;504;459;425;0;457;521;437;489;483;479;336;435;449;423;320;118;288;421;312;330;518;425;425;529;466;473;292;330;401;439;538;448;649;460;550;204;393
PRESIDENTE BERNARDES - SP;139;16;161;147;104;265;190;630;365;219;256;590;542;474;518;646;552;629;99,3;76,8;401;609;648;251;232;233;189;533;267;495;161;666;187;493;411;521;638;422;536;513;238;637;552;201;555;140;580;567;578;480;106;215;84,6;700;109;607;198;285;46,2;457;0;72,4;25,6;40,5;227;544;584;83,5;566;42,3;210;554;551;636;200;239;584;584;492;588;17,2;633;634;239;60;118;462;513;202;138;101;640;215
PRESIDENTE EPITÁCIO - SP;160;80,2;159;212;36,9;329;254;685;420;283;321;645;597;531;574;701;607;684;96,9;141;456;665;703;315;296;297;187;588;331;550;225;721;251;557;422;585;715;486;614;568;302;692;522;265;610;192;636;622;633;533;172;281;137;755;175;671;265;351;112;521;72,4;0;91,8;37,2;294;530;639;150;621;109;276;618;629;691;266;305;639;639;547;643;61,4;688;689;305;126;118;486;568;164;204;102;704;281
PRESIDENTE PRUDENTE - SP;114;13,8;178;128;120;245;165;609;343;194;231;568;521;456;497;625;530;608;116;55,3;379;588;627;226;207;208;206;511;242;473;136;644;167;473;389;501;618;402;516;491;213;615;530;176;533;146;559;545;556;459;80,7;196;90,3;678;83,4;587;174;260;24,9;437;25,6;91,8;0;57,5;203;523;562;59;545;17,8;189;534;531;614;179;217;563;563;470;567;34,2;612;612;218;38,7;114;441;491;219;114;118;620;191
PRESIDENTE VENCESLAU - SP;125;48,3;124;180;65,9;297;222;653;388;251;231;613;565;501;542;669;575;652;61,6;109;424;633;672;283;264;265;152;556;299;518;193;689;219;525;390;553;683;454;582;536;270;660;477;233;578;154;604;590;601;479;138;249;99,8;723;141;639;230;316;78,2;489;40,5;37,2;57,5;0;259;497;607;115;589;74,3;242;586;597;659;232;271;607;607;515;612;27,2;656;657;271;91,9;83,6;461;536;165;170;66,1;672;247
PROMISSÃO - SP;157;215;191;167;322;229;71,6;761;540;108;49,8;766;718;652;694;754;728;805;213;253;577;785;824;150;114;12,8;169;708;60;622;113;796;204;527;585;555;781;396;666;689;27,9;767;728;95,4;730;157;756;743;753;656;135;192;181;807;122;641;28,4;78,2;222;483;227;294;203;259;0;720;760;183;742;201;172;588;681;812;188;226;760;760;668;764;236;809;741;194;228;312;634;689;229;122;226;674;115
QUATRO PONTES - PR;633;532;617;559;494;652;684;412;207;718;704;187;139;76,2;115;315;106;224;554;467;105;185;245;683;664;725;644;149;690;320;653;335;602;445;90,3;420;263;699;213;110;705;342;9,8;633;149;665;99,6;183;173;19,8;599;603;611;379;601;513;691;713;498;479;544;530;523;497;720;0;192;565;163;525;625;460;227;243;615;654;66,4;181;87,8;170;553;230;344;654;518;435;96;34,4;632;631;558;487;647
QUEDAS DO IGUAÇU - PR;672;572;727;599;662;656;724;270;239;757;743;137;89,6;121;165;121;199;69,9;664;507;211;256;116;722;704;765;753;84,3;730;178;693;142;642;302;257;278;98,1;555;69,7;113;744;155;199;672;199;705;227;58,6;108;210;638;607;650;218;641;370;731;753;537;336;584;639;562;607;760;192;0;604;114;565;632;317;84;168;625;642;239;120;147;250;593;172;321;642;558;528;260;170;760;670;667;352;687
RANCHARIA - SP;94,4;71,7;224;76,1;178;194;145;599;385;181;189;611;563;497;539;614;572;650;150;109;421;630;669;168;150;188;204;553;176;463;84,5;634;116;479;443;507;628;350;527;534;194;605;572;119;575;174;601;587;598;512;73,1;145;119;668;63,2;593;154;199;78,1;435;83,5;150;59;115;183;565;604;0;587;57,1;139;540;542;656;129;168;605;605;512;609;92,2;654;602;168;72,2;168;494;534;265;65,2;167;626;133
REALEZA - PR;655;554;709;581;652;674;706;367;229;740;726;43,7;24,3;98,1;110;159;143;72,8;646;490;199;201;84,6;705;686;728;736;163;712;290;675;179;624;414;228;390;120;668;182;53,6;727;201;170;655;143;687;172;171;40,7;181;621;652;633;218;624;387;713;735;520;449;566;621;545;589;742;163;114;587;0;547;647;429;178;72,1;637;676;175;20,5;82,6;179;575;69,7;372;676;540;511;222;132;750;653;650;348;669
REGENTE FEIJÓ - SP;113;30,5;195;114;137;231;164;574;345;192;230;571;523;457;499;590;533;610;133;57,6;382;590;629;233;106;206;223;513;241;439;134;610;153;459;390;487;604;388;502;494;212;580;533;184;535;166;561;547;558;461;79,5;182;112;643;82,2;573;172;259;26,9;423;42,3;109;17,8;74,3;201;525;565;57,1;547;0;177;520;517;617;167;205;565;565;472;569;51;614;578;206;26,7;117;443;494;236;111;135;606;199
RIBEIRÃO DO SUL - SP;218;198;363;68,1;305;78,4;223;598;446;259;151;671;623;557;600;614;633;672;300;226;482;691;674;84,5;87,3;153;320;614;138;459;143;634;25,8;364;491;392;642;235;569;594;155;604;633;74,8;636;308;662;603;659;560;197;29,7;243;645;187;478;194;158;195;320;210;276;189;242;172;625;632;139;647;177;0;425;584;717;15,6;53,4;665;665;573;669;215;714;624;30,6;172;281;543;594;380;152;299;511;81,6
RIO AZUL - PR;636;542;706;470;648;448;636;172;410;674;566;453;405;390;434;298;467;356;643;510;458;525;359;509;504;569;733;313;553;144;566;319;428;61,6;525;36,6;326;346;254;428;567;286;468;489;468;677;496;288;405;479;615;400;622;221;605;55;609;564;522;118;554;618;534;586;588;460;317;540;429;520;425;0;269;400;417;435;499;406;406;503;563;438;526;435;498;536;519;429;747;565;647;88.2;498
RIO BONITO DO IGUAÇU - PR;634;539;716;515;660;607;685;221;275;719;659;203;173;157;201;88,2;234;108;654;497;247;292;119;638;620;662;743;80,4;646;129;612;109;587;253;292;229;86,6;507;18,2;195;660;114;235;588;235;675;263;54,7;157;246;597;559;630;177;603;322;692;669;527;288;551;629;531;597;681;227;84;542;178;517;584;269;0;172;576;594;266;158;173;270;560;210;419;594;495;518;286;196;759;611;657;311;603
SALGADO FILHO - PR;724;624;779;651;722;757;776;333;299;810;795;93,8;94;168;179;146;213;99,6;716;559;269;270;53,1;774;756;798;806;233;782;272;745;166;694;396;298;372;88;657;190;134;796;178;251;724;213;757;252;217;103;262;690;709;702;175;695;344;783;805;590;421;636;691;614;659;812;243;168;656;72,1;617;717;400;172;0;707;744;245;52,4;152;249;645;40,8;442;744;610;580;292;202;820;723;719;314;739
SALTO GRANDE - SP;225;188;353;58,2;295;71,3;238;590;436;275;166;661;613;547;590;606;623;664;291;216;471;681;666;100;103;169;335;604;153;452;156;626;15,9;357;481;384;634;228;561;584;170;597;623;90,6;626;305;652;595;649;550;204;22,6;250;637;209;471;210;191;185;312;200;266;179;232;188;615;625;129;637;167;15,6;417;576;707;0;43,2;655;655;563;660;210;704;616;43,5;167;276;533;584;394;155;294;504;106
SANTA CRUZ DO RIO DO PARDO - SP;264;227;391;96,8;334;23,5;276;608;474;312;163;700;652;586;628;624;662;682;329;254;511;719;684;109;120;207;373;642;171;469;195;644;54,5;374;520;402;652;200;579;623;198;614;661;119;664;361;690;613;687;589;243;32,2;288;655;233;488;247;134;224;330;239;305;217;271;226;654;642;168;676;205;53,4;435;594;744;43,2;0;694;694;601;698;248;743;634;22,6;204;314;571;623;433;192;332;521;126
SANTA HELENA - PR ;673;572;727;599;538;692;724;451;246;758;744;199;151;115;76,3;354;32,9;237;664;507;159;107;257;723;704;746;754;188;693;359;693;374;642;483;173;459;275;644;251;122;745;380;58,2;673;64,3;706;34,7;222;185;75,9;639;643;650;391;642;552;731;753;538;518;584;639;563;607;760;66,4;239;605;175;565;665;499;266;245;655;694;0;193;93,2;85,3;593;242;342;694;558;529;140;84,5;675;671;668;520;687
SANTA IZABEL DO OESTE - PR;673;572;727;599;670;692;724;347;247;758;744;45,2;42,4;116;128;139;161;52,8;664;508;217;219;65,5;723;704;746;754;181;731;266;693;159;642;391;246;367;92,1;644;176;71,8;745;176;189;673;162;706;190;178;40,3;199;639;643;651;199;642;368;731;753;538;425;584;639;563;607;760;181;120;605;20,5;565;665;406;158;52,4;655;694;193;0;101;197;593;52,4;390;694;558;529;240;150;768;671;668;328;687
SANTA TEREZA DO OESTE - PR;580;480;635;507;577;599;631;359;154;665;651;106;58,7;22,8;27,5;74,6;60,8;144;572;415;124;118;165;630;612;653;661;95,3;638;267;601;281;549;391;153;374;183;645;159;29,4;652;288;95,5;580;63,7;613;89,6;130;92,6;106;546;550;557;298;549;460;639;660;445;425;492;547;470;515;668;87,8;147;512;82,6;472;573;406;173;152;563;601;93,2;101;0;97,6;501;150;298;602;466;436;148;58;675;578;575;428;593
SANTA TEREZINHA DO ITAIPU - PR;677;576;731;604;680;696;728;462;257;762;748;210;162;650;72;42,7;93,8;241;669;512;228;21,7;262;727;709;770;758;199;735;370;697;379;646;494;256;464;286;742;262;133;749;385;149;677;44,3;710;58,1;233;196;181;643;647;654;402;646;563;735;757;542;529;588;643;567;612;764;170;250;609;179;569;669;503;270;249;660;698;85,3;197;97,6;0;597;247;395;698;562;533;245;132;778;675;672;525;691
SANTO ANASTÁCIO - SP;149;25;148;156;90,1;724;199;639;373;228;265;599;551;485;527;655;561;638;85,5;85,8;410;618;657;259;241;242;176;541;276;504;170;675;196;502;420;530;647;431;545;522;247;646;561;210;563;178;589;576;586;489;115;225;124;708;117;616;207;294;55;466;17,2;61,4;34,2;27,2;236;553;593;92,2;575;51;215;563;560;645;210;248;593;593;501;597;0;642;643;248;69,4;104;471;522;189;147;87,5;649;225
SANTO ANTONIO DO SUDOESTE - PR;722;621;776;648;719;741;773;371;297;807;793;55,6;103;165;177;183;210;105;713;556;267;268;95,7;772;753;795;803;230;779;315;742;203;691;439;295;428;141;699;228;121;794;226;238;722;213;754;239;239;92,4;249;688;692;700;222;691;391;780;802;587;473;633;688;612;656;809;230;172;654;69,7;614;714;438;210;40,8;704;743;242;52,4;150;247;642;0;439;743;607;578;289;199;818;720;717;352;736
SÃO JOÃO - PR;694;622;777;575;387;647;746;329;165;779;720;390;343;276;319;345;352;381;714;557;201;410;405;707;702;722;804;333;706;194;673;365;627;317;241;292;373;547;258;313;721;336;352;649;355;755;381;292;378;240;658;599;358;399;663;385;753;729;588;292;634;689;612;657;741;344;321;602;372;578;624;526;419;442;616;634;342;390;298;395;643;439;0;634;555;578;347;257;485;680;717;275;696
SÃO PEDRO DO TURVO - SP;240;227;392;156;334;52,4;245;608;475;281;198;700;652;564;628;624;662;682;329;255;516;719;684;75,6;109;175;342;643;160;469;165;644;54,8;374;520;408;616;228;579;623;177;614;662;96,7;665;330;690;613;688;589;219;39,6;264;655;209;488;216;169;224;330;239;305;218;271;194;654;642;168;676;206;30,6;435;594;744;43,5;22,6;694;694;602;698;248;743;634;0;204;312;571;623;402;174;332;521;103
TACIBA -SP;140;48,2;212;113;155;231;191;552;339;219;257;564;516;450;493;568;526;603;150;75,5;375;584;622;233;214;234;240;507;241;416;161;588;153;437;383;465;582;388;480;487;239;558;526;184;529;184;555;541;552;452;107;182;129;621;109;551;199;263;44,7;401;60;126;38,7;91,9;228;518;558;72,2;540;26,7;172;498;495;610;167;204;558;558;466;562;69,4;607;555;204;0;135;435;487;253;132;153;584;196
TEODORO SAMPAIO - SP;205;125;204;222;133;340;275;575;309;303;341;534;487;420;463;591;496;574;142;66,6;345;554;593;342;324;318;232;477;352;439;245;611;262;475;328;503;605;497;503;457;323;581;415;293;499;234;525;511;522;397;191;291;180;644;193;589;283;370;89,5;439;118;118;114;83,6;312;435;528;168;511;117;281;536;518;580;276;314;529;529;436;533;104;578;578;312;135;0;379;457;245;222;145;622;306
TERRA ROXA - PR;551;450;581;477;450;598;602;472;195;636;621;246;198;136;175;375;172;284;518;382;112;266;304;600;582;623;608;209;608;380;571;394;519;504;54;480;322;758;272;169;622;401;88,6;550;211;584;174;243;232;65,9;513;548;529;438;520;573;609;630;412;538;462;486;441;461;634;96;260;494;222;443;543;519;286;292;533;571;140;240;148;245;471;289;347;571;435;379;0;97,2;587;549;521;546;564
TOLEDO - PR;602;501;656;528;471;650;653;382;177;687;673;156;108;45,6;62,2;285;74,3;194;593;436;74,4;153;214;652;633;675;683;118;659;290;622;304;571;414;103;390;232;667;182;78,8;673;311;42;601;98,3;634;116;152;142;56,3;568;599;580;348;571;483;660;682;467;448;513;568;491;536;689;34,4;170;534;132;494;594;429;196;202;584;623;84,5;150;58;132;522;199;257;623;487;457;97,2;0;627;600;597;456;616
TRÊS LAGOAS - MS;173;210;41,6;341;135;454;165;816;549;198;258;774;726;656;701;832;735;815;119;270;579;793;833;342;322;234;68,1;718;268;680;259;852;380;686;550;712;845;605;744;697;240;823;623;304;737;85,5;764;770;763;634;198;409;148;886;205;800;200;286;240;649;202;164;219;165;229;632;760;265;750;236;380;747;759;820;394;433;675;768;675;778;189;818;485;402;253;245;587;627;0;237;102;833;323
TUPÃ - SP;66,9;126;196;101;233;219;118;659;451;154;124;677;629;563;605;693;639;716;123;163;488;696;735;130;112;104;176;619;124;532;23;713;140;504;497;532;707;375;596;600;106;683;638;74,3;641;146;667;653;664;567;47,5;170;91,5;746;35,8;618;94,3;147;133;460;138;204;114;170;122;631;670;65,2;653;111;152;565;611;723;155;192;671;671;578;675;147;720;680;174;132;222;549;600;237;0;137;651;94,7
TUPI PAULISTA - SP;72,4;109;60,6;241;131;358;183;714;448;218;255;674;626;560;602;730;635;713;18,8;170;484;693;732;266;248;231;88,5;616;266;578;159;750;280;586;450;614;744;515;642;597;237;720;635;210;638;106;664;650;661;539;98,4;311;47,6;783;105;700;197;284;139;550;101;102;118;66,1;226;558;667;167;650;135;299;647;657;719;294;332;668;668;575;672;87,5;717;717;332;153;145;521;597;102;137;0;733;231
UNIÃO DA VITÓRIA - PR;722;628;792;556;734;535;722;84,8;484;760;652;369;370;416;455;253;488;300;729;596;544;546;265;595;590;655;822;340;639;230;653;201;515;148;552;123;258;432;280;399;653;200;494;575;491;801;517;314;340;505;701;486;709;135;691;41,6;696;650;608;204;640;704;620;672;674;487;352;626;348;606;511;88.2;311;314;504;521;520;328;428;525;649;352;275;521;584;622;546;456;833;651;733;0;584
VERA CRUZ - SP;161;203;285;88,6;310;151;165;671;467;202;93,4;693;645;579;621;686;655;744;217;247;504;712;747;38,4;19,7;95,6;262;635;80,3;532;85,8;707;97,4;437;513;465;714;308;588;616;97,4;677;655;17,5;657;251;683;669;680;582;139;102;185;717;129;551;137;104;217;393;215;281;191;247;115;647;687;133;669;199;81,6;498;603;739;106;126;687;687;593;691;225;736;696;103;196;306;564;616;323;94,7;231;584;0
