;PRES. VENCESLAU - SP;PRES. EPITACIO - SP;ESTRELA DO NORTE - SP;REGENTE FEIJO - SP;TACIBA -SP;HERCULANDIA - SP;TUPA - SP;PARAPUA - SP;ADAMANTINA - SP;PACAEMBU - SP;TRES LAGOAS - MS;CEU AZUL - PR;LINDOESTE - PR;SANTO ANTONIO DO SUDOESTE - PR;SANTA IZABEL DO OESTE - PR;NOVA PRATA DO IGUACU - PR;BOA ESPERANCA DO IGUACU - PR;FRANCISCO BELTRAO - PR;ITAPEJARA D OESTE - PR;CORONEL VIVIDA - PR;HONORIO SERPA - PR;BITURUNA - PR;UNIAO DA VITORIA - PR;PAULO FRONTIN - PR;FOZ DO IGUACU - PR;SANTA TEREZINHA DE ITAIPU - PR;ITAPEVA - SP;LARANJEIRAS DO SUL - PR;FORMOSA DO OESTE - PR;PIRAPOZINHO - SP;OSVALDO CRUZ - SP;DRACENA - SP;TUPI PAULISTA - SP;ANDRADINA - SP;GUARACAI - SP;MIRANDOPOLIS - SP;PENAPOLIS - SP;PROMISSAO - SP;VERA CRUZ - SP;GARCA - SP;BERNARDINO DE CAMPOS - SP;SALTO GRANDE - SP;IBIRAREMA - SP;SANTA TEREZA DO OESTE - PR;CASCAVEL - PR;GUARANIACU - PR;QUEDAS DO IGUACU - PR;NOVA LARANJEIRAS - PR;RIO BONITO DO IGUACU - PR;GUARAPUAVA - PR;IMBITUVA - PR;PONTA GROSSA - PR;IRATI - PR;RIO AZUL - PR;PALMAS - PR;MANGUEIRINHA - PR;SAO JOAO DO IVAI - PR;DOIS VIZINHOS - PR;SALGADO FILHO - PR;REALEZA - PR;CAPANEMA - PR;CAPITAO LEONIDAS MARQUES - PR;ASSIS - SP;OURINHOS - SP;SANTA CRUZ DO RIO DO PARDO - SP;SAO PEDRO DO TURVO - SP;RIBEIRAO DO SUL - SP;MARILIA - SP;GALIA - SP;GUARANTA - SP;PIRAJUI - SP;CAFELANDIA - SP;LINS - SP;GUAICARA - SP;BIRIGUI - SP;BURITAMA - SP;RANCHARIA - SP;PRES. PRUDENTE - SP;ALVARES MACHADO - SP;PRES. BERNARDES - SP;SANTO ANASTACIO - SP;TEODORO SAMPAIO - SP;BATAGUASSU - MS;MAL. CANDIDO RONDON - PR;TOLEDO - PR;IPORA - PR;TERRA ROXA - PR;NOVA SANTA ROSA - PR;QUATRO PONTES - PR;SANTA HELENA - PR;DIAMANTE DO OESTE - PR;MISSAL - PR
PRES. VENCESLAU - SP;0;37,2;109;74,3;91,9;193;170;141;125;99,8;165;542;536;656;607;601;388;672;683;669;689;653;672;639;633;612;454;582;424;78,2;138;61,6;66,1;124;152;154;230;259;247;264;297;232;219;515;501;556;607;590;597;518;525;489;553;586;723;660;657;652;659;589;613;565;180;249;271;271;242;233;283;299;316;231;270;265;222;251;115;57,5;48,3;40,5;27,2;83,6;65,9;477;536;390;461;479;497;607;575;604
PRES. EPITACIO - SP;37,2;0;141;109;126;225;204;175;160;137;164;574;568;688;639;633;420;703;715;701;721;685;704;671;665;643;486;614;456;112;172;96,9;102;159;187;192;265;294;281;296;329;266;251;547;531;588;639;622;629;550;557;521;585;618;755;692;689;684;691;621;645;597;212;281;305;305;276;265;315;331;351;321;302;297;254;283;150;91,8;80,2;72,4;61,4;118;36,9;522;568;422;486;533;530;639;607;636
ESTRELA DO NORTE - SP;109;141;0;57,6;75,5;186;163;134;165;143;270;442;436;556;508;501;288;572;583;569;589;554;596;563;533;512;439;482;324;30,5;131;167;170;229;256;198;224;253;247;265;281;216;202;415;399;456;507;490;497;418;450;413;477;510;623;560;557;552;559;490;513;466;164;231;254;255;226;233;283;291;310;283;264;258;216;245;109;55,3;65;76,8;85,8;66,6;172;475;436;330;382;399;467;507;475;504
REGENTE FEIJO - SP;74,3;109;57,6;0;26,7;134;111;82,2;113;112;236;499;494;614;565;558;345;629;604;590;610;574;606;573;590;569;388;502;382;26,9;79,5;133;135;195;223;166;172;201;199;106;231;167;153;472;457;513;565;547;517;439;459;423;487;520;643;580;578;610;617;547;571;523;114;182;205;206;177;184;233;241;259;230;212;206;164;192;57,1;17,8;30,5;42,3;51;117;137;533;494;390;443;461;525;565;533;561
TACIBA -SP;91,9;126;75,5;26,7;0;161;132;109;140;129;253;493;487;607;558;552;339;622;582;568;588;552;584;551;584;562;388;480;375;44,7;107;150;153;212;240;184;199;228;196;214;231;167;153;466;450;507;558;541;495;416;437;401;465;498;621;558;555;603;610;540;564;516;113;182;204;204;172;184;233;241;263;257;239;234;191;219;72,2;38,7;48,2;60;69,4;135;155;526;487;383;435;452;518;558;526;555
HERCULANDIA - SP;193;225;186;134;161;0;23;58,2;89,3;114;259;627;622;742;693;687;474;757;699;685;705;669;653;620;718;697;380;597;510;156;68,4;145;159;219;199;168;85;113;85,8;103;213;156;143;601;585;642;693;676;612;534;506;461;534;566;738;675;673;738;745;675;699;651;103;68,4;195;165;143;66,9;121;115;138;115;93,8;95,4;114;150;84,5;136;149;161;170;245;255;661;622;520;571;589;653;693;661;689
TUPA - SP;170;204;163;111;132;23;0;35,8;66,9;91,5;237;605;600;720;671;664;451;735;707;693;713;659;651;618;696;675;375;596;488;133;47,5;123;137;196;176;146;94,3;122;94,7;112;219;155;140;578;563;619;670;653;611;532;504;460;532;565;746;683;680;716;723;653;677;629;101;170;192;174;152;74,3;130;124;147;124;106;104;118;154;65,2;114;126;138;147;222;233;638;600;497;549;567;631;671;639;667
PARAPUA - SP;141;175;134;82,2;109;58,2;35,8;0;35;57,9;205;576;570;691;642;635;422;706;689;675;695;659;691;658;667;646;415;588;458;103;12,6;91,1;105;165;145;210;93;122;129;147;259;209;181;549;534;590;641;624;603;524;544;500;571;605;729;666;663;686;695;624;648;600;141;210;233;209;187;110;165;162;180;151;133;127;84,6;120;63,2;83,4;97,2;109;117;193;204;609;571;468;520;538;601;642;609;638
ADAMANTINA - SP;125;160;165;113;140;89,3;66,9;35;0;27;173;607;601;722;673;666;453;737;734;706;726;691;722;689;698;677;449;619;489;135;27,9;58,7;72,4;132;113;81,5;128;157;161;178;291;225;212;580;565;621;672;655;634;555;575;531;603;636;760;697;694;718;724;655;678;631;173;240;264;240;218;142;196;195;214;185;168;162;120;154;94,4;114;110;139;149;205;191;640;602;499;551;569;633;673;640;669
PACAEMBU - SP;99,8;137;143;112;129;114;91,5;57,9;27,6;0;148;585;579;700;651;644;431;715;726;713;732;697;709;714;676;654;471;625;467;112;52,5;33,3;47,6;107;82;56,7;152;181;185;202;314;250;236;557;542;599;650;633;630;561;600;555;589;622;766;703;358;696;702;633;656;609;197;265;288;264;243;165;221;220;238;210;192;186;140;175;119;90,3;85,6;84,6;124;180;166;618;580;477;529;546;611;650;618;647
TRES LAGOAS - MS;165;164;270;236;253;259;237;205;173;148;0;701;697;818;768;763;549;833;845;832;852;816;833;800;793;778;605;744;579;240;198;119;102;41,6;68,1;85,5;200;229;323;322;454;394;380;675;656;718;760;770;759;680;686;649;712;747;886;823;485;815;820;750;774;726;341;409;433;402;380;304;342;268;286;258;240;234;165;198;265;219;210;202;189;245;135;623;627;550;587;634;632;675;735;764
CEU AZUL - PR;542;574;442;499;493;627;605;576;607;585;701;0;56,3;177;128;119;180;191;209;288;308;385;455;487;94,9;72;672;186;151;472;573;599;602;661;688;640;665;694;621;639;655;590;576;27,5;48,7;122;165;166;201;122;418;453;393;434;325;315;319;170;179;110;132;84,8;534;577;628;628;600;607;657;665;687;678;679;700;658;692;539;497;506;518;527;463;603;123;62,2;179;175;134;115;76,3;43,2;63,3
LINDOESTE - PR;536;568;436;494;487;622;600;570;601;579;697;56,3;0;121;71,8;63,2;176;136;154;196;216;381;399;439;147;133;667;181;146;467;567;593;597;656;683;634;660;689;616;633;621;584;571;29,4;44,8;118;113;161;195;289;413;447;389;428;269;238;313;115;134;53,6;77,3;29,7;528;572;623;623;594;601;651;659;682;672;673;675;653;687;534;491;501;513;522;457;599;117;78,8;175;169;128;110;122;89,6;118
SANTO ANTONIO DO SUDOESTE - PR;656;688;556;614;607;742;720;691;722;700;818;177;121;0;52,4;92,4;297;95,7;141;183;203;371;352;391;268;247;699;228;267;587;688;713;717;776;803;754;780;809;736;753;741;704;691;150;165;230;172;239;210;315;439;473;428;438;222;226;439;105;40,8;69,7;55,6;103;648;692;743;743;714;722;772;779;802;793;794;795;773;807;654;612;621;633;642;578;719;238;199;295;289;249;230;242;210;239
SANTA IZABEL DO OESTE - PR;607;639;508;565;558;693;671;642;673;651;768;128;71,8;52,4;0;40,3;247;65,5;92,1;139;159;347;328;368;219;197;644;176;217;538;639;664;668;727;754;706;731;760;687;704;692;655;642;101;116;181;120;178;158;266;391;425;367;406;199;176;390;52,8;52,4;20,5;45,2;42,4;599;643;694;694;665;673;723;731;753;744;745;746;724;758;605;563;572;584;593;529;670;189;150;246;240;199;181;193;161;190
NOVA PRATA DO IGUACU - PR;601;633;501;558;552;687;664;635;666;644;763;119;63,2;92,4;40,3;0;241;74,5;90,6;133;153;332;340;379;210;196;743;175;209;531;632;658;661;720;747;699;725;753;680;698;685;649;635;92,6;108;157;108;165;157;266;390;424;366;405;210;175;378;51,9;103;40,7;65,2;40,4;593;636;687;688;659;666;716;724;746;737;738;739;717;751;598;556;565;578;586;522;664;180;142;238;232;191;173;185;682;181
BOA ESPERANCA DO IGUACU - PR;388;420;288;345;339;474;451;422;453;431;549;180;176;297;247;241;0;312;336;363;382;407;484;463;274;257;617;260;85,5;318;419;445;448;507;534;486;512;540;467;485;472;436;422;154;134;197;239;240;275;271;395;403;370;410;452;389;165;293;299;229;253;205;380;423;474;475;446;453;503;511;533;524;525;546;504;538;385;343;352;365;373;309;451;215;177;143;195;184;207;246;214;285
FRANCISCO BELTRAO - PR;672;703;572;629;622;757;735;706;737;715;833;191;136;95,7;65,5;74,5;312;0;35,3;74,3;94,4;284;265;305;283;262;597;137;282;602;703;729;732;791;818;770;795;824;747;752;697;666;677;165;181;199;116;175;119;220;343;378;319;359;136;117;405;48,6;53,1;84,6;107;107;648;649;684;684;674;738;758;802;813;815;816;830;788;822;669;627;636;648;657;593;735;253;214;310;304;263;245;257;226;254
ITAPEJARA D OESTE - PR;683;715;583;604;582;699;707;689;734;726;845;209;154;141;92,1;90,6;336;35,3;0;42,2;62;277;258;298;301;286;565;105;299;614;684;740;744;803;830;781;793;781;714;720;665;634;645;183;198;167;98,1;143;86,6;187;311;345;287;326;128;84,3;373;41,7;88;120;148;131;616;617;652;616;642;706;725;747;781;760;761;762;786;820;628;618;648;638;647;605;747;271;232;328;322;281;263;275;243;272
CORONEL VIVIDA - PR;669;701;569;590;568;685;693;675;706;713;832;288;196;183;139;133;363;74,3;42,2;0;23,8;226;253;293;380;42,7;537;106;335;600;670;726;730;789;816;767;775;754;686;692;637;606;617;74,6;247;169;121;145;88,2;159;283;317;259;298;119;56,4;345;83,9;146;159;187;188;588;589;624;624;614;678;697;719;753;732;733;734;758;792;614;625;634;646;655;591;734;323;285;380;375;333;315;354;322;350
HONORIO SERPA - PR;689;721;589;610;588;705;713;695;726;732;852;308;216;203;159;153;382;94,4;62;23,8;0;246;201;241;400;379;556;126;355;620;690;746;750;809;836;787;818;796;707;712;657;626;637;281;267;188;142;164;109;179;303;338;279;319;67;76,2;365;104;166;179;207;208;607;609;644;644;634;698;717;761;773;775;776;777;778;811;634;644;654;666;675;611;754;343;304;400;394;354;335;374;342;370
BITURUNA - PR;653;685;554;574;552;669;659;659;691;697;816;385;381;371;347;332;407;284;277;226;246;0;84,8;125;479;462;521;206;432;584;654;710;714;773;800;752;782;761;671;676;621;590;601;359;339;266;270;242;221;135;231;287;206;172;154;116;329;284;333;367;389;358;572;573;608;608;598;662;681;726;737;739;740;741;742;776;599;609;618;630;639;575;718;420;382;477;472;431;412;451;419;448
UNIAO DA VITORIA - PR;672;704;596;606;584;653;651;691;722;747;833;455;399;352;328;340;484;265;258;253;201;84,8;0;41,6;546;525;432;280;544;608;701;729;733;792;822;801;696;674;584;590;535;504;515;428;416;340;352;314;311;230;148;204;123;88.2;135;200;275;300;314;348;369;370;556;486;521;521;511;575;595;639;650;652;653;655;722;760;626;620;628;640;649;622;734;494;456;552;546;505;487;520;488;517
PAULO FRONTIN - PR;639;671;563;573;551;620;618;658;689;714;800;487;439;391;368;379;463;305;298;293;241;125;41,6;0;578;563;399;307;511;575;668;697;700;759;786;768;663;641;551;557;502;471;482;460;443;366;370;341;322;197;115;171;89,6;55;174;240;385;340;344;387;409;409;523;454;488;488;478;543;562;606;618;620;620;622;690;727;593;587;595;607;616;589;701;521;483;578;573;532;513;552;520;549
FOZ DO IGUACU - PR;633;665;533;590;584;718;696;667;698;676;793;94,9;147;268;219;210;274;283;301;380;400;479;546;578;0;21,7;763;277;243;563;664;690;693;752;779;731;756;785;712;730;717;681;667;118;143;214;256;257;292;386;510;544;485;525;416;406;410;263;270;201;225;179;625;668;719;719;691;698;748;756;778;769;770;771;749;783;630;588;597;609;618;554;695;163;153;271;266;181;185;107;115;72,7
SANTA TEREZINHA DE ITAIPU - PR;612;643;512;569;562;697;675;646;677;654;778;72;133;247;197;196;257;262;286;42,7;379;462;525;563;21,7;0;742;262;228;542;643;669;672;731;758;710;735;764;691;709;696;660;646;97,6;650;199;250;233;270;370;494;529;464;503;402;385;395;241;249;179;210;162;604;647;698;698;669;677;727;735;757;748;749;770;728;762;609;567;576;588;597;533;680;149;132;256;245;181;170;85,3;93,8;58,1
ITAPEVA - SP;454;486;439;388;388;380;375;415;449;471;605;672;667;699;644;743;617;597;565;537;556;521;432;399;763;742;0;492;638;407;426;514;515;567;545;532;417;396;308;319;175;228;239;645;628;552;555;526;507;382;287;227;313;346;565;527;547;595;657;668;691;644;282;209;200;228;235;299;308;343;321;352;369;378;448;484;350;402;412;422;431;497;519;706;667;647;758;717;699;644;705;734
LARANJEIRAS DO SUL - PR;582;614;482;502;480;597;596;588;619;625;744;186;181;228;176;175;260;137;105;106;126;206;280;307;277;262;492;0;232;512;582;639;642;702;728;680;678;666;588;605;592;561;572;159;142;65,9;69,7;42;18,2;114;238;273;214;254;195;133;258;126;190;182;206;158;500;544;579;579;569;573;623;631;654;644;645;647;670;704;527;516;547;536;545;503;645;220;182;278;272;231;213;251;220;248
FORMOSA DO OESTE - PR;424;456;324;382;375;510;488;458;489;467;579;151;146;267;217;209;85,5;282;299;335;355;432;544;511;243;228;638;232;0;355;455;481;484;544;571;522;548;577;504;521;537;471;459;124;112;196;211;212;247;319;443;451;418;458;424;361;201;260;269;199;223;175;416;487;511;516;482;489;539;547;570;560;561;563;541;575;421;379;389;401;410;345;424;113;74,4;122;112;104;105;159;152;213
PIRAPOZINHO - SP;78,2;112;30,5;26,9;44,7;156;133;103;135;112;240;472;467;587;538;531;318;602;614;600;620;584;608;575;563;542;407;512;355;0;101;137;139;199;227;167;193;222;217;234;251;185;173;445;430;486;537;520;527;448;461;425;489;522;653;590;588;583;590;520;544;496;133;200;224;224;195;203;253;262;279;252;234;228;185;214;78,1;24,9;34,4;46,2;55;89,5;141;505;467;364;412;434;498;538;506;534
OSVALDO CRUZ - SP;138;172;131;79,5;107;68,4;47,5;12,6;27,9;52,5;198;573;567;688;639;632;419;703;684;670;690;654;701;668;664;643;426;582;455;101;0;83,9;98,4;157;137;108;106;135;139;157;269;204;191;546;531;587;638;621;597;519;554;510;582;615;723;661;658;684;690;621;644;597;151;219;243;219;197;120;176;175;193;165;146;141;97,9;134;73,1;80,7;94,2;106;115;191;201;606;568;465;513;531;599;639;606;635
DRACENA - SP;61,6;96,9;167;133;150;145;123;91,1;58,7;33,3;119;599;593;713;664;658;445;729;740;726;746;710;729;697;690;669;514;639;481;137;83,9;0;18,8;78,1;105;88,2;184;213;217;234;355;291;277;572;556;613;664;647;654;575;583;547;610;643;780;717;714;709;716;646;670;622;237;305;329;329;300;198;252;251;270;242;224;218;172;207;150;116;106;99,3;85,5;142;128;632;593;447;518;536;554;664;632;661
TUPI PAULISTA - SP;66,1;102;170;135;153;159;137;105;72,4;47,6;102;602;597;717;668;661;448;732;744;730;750;714;733;700;693;672;515;642;484;139;98,4;18,8;0;60,6;88,5;106;197;226;231;248;358;294;280;575;560;616;667;650;657;578;586;550;614;647;783;720;717;713;719;650;674;626;241;311;332;332;299;210;266;266;284;255;237;231;183;218;167;118;109;101;87,5;145;131;635;597;450;521;539;558;668;635;664
ANDRADINA - SP;124;159;229;195;212;219;196;165;132;107;41,6;661;656;776;727;720;507;791;803;789;809;773;792;759;752;731;567;702;544;199;157;78,1;60,6;0;30,6;48;163;191;285;284;418;353;339;635;619;675;727;710;716;638;645;610;673;706;842;780;777;772;779;709;678;685;300;368;391;392;363;266;305;230;248;220;202;197;127;161;224;178;169;161;148;204;190;695;656;510;581;598;617;727;695;723
GUARACAI - SP;152;187;256;223;240;199;176;145;113;82;68,1;688;683;803;754;747;534;818;830;816;836;800;822;786;779;758;545;728;571;227;137;105;88,5;30,6;0;25,4;140;169;262;262;377;335;322;661;646;702;753;736;743;664;676;631;700;733;869;806;804;799;806;736;760;712;283;340;373;342;320;244;283;207;226;198;180;174;103;139;204;206;195;189;176;232;217;721;683;536;608;625;644;754;722;750
MIRANDOPOLIS - SP;154;192;198;166;184;168;146;210;81,5;56,7;85,5;640;634;754;706;699;486;770;781;767;787;752;801;768;731;710;532;680;522;167;108;88,2;106;48;25,4;0;128;157;251;250;365;305;291;613;597;654;705;688;675;596;654;610;644;677;821;758;755;750;757;687;711;664;251;320;361;330;308;232;271;196;214;186;168;162;91,5;127;174;146;141;140;178;234;221;673;634;532;584;601;665;706;673;702
PENAPOLIS - SP;230;265;224;172;199;85;94,3;93;128;152;200;665;660;780;731;725;512;795;793;775;818;782;696;663;756;735;417;678;548;193;106;184;197;163;140;128;0;28,4;137;135;250;210;226;639;623;680;731;714;692;614;549;504;576;609;829;789;753;776;783;713;737;689;188;214;247;216;194;117;156;81,2;99,3;70,9;52,7;47,1;43;53,3;154;174;187;198;207;283;293;699;660;558;609;627;691;731;699;727
PROMISSAO - SP;259;294;253;201;228;113;122;122;157;181;229;694;689;809;760;753;540;824;781;754;796;761;674;641;785;764;396;666;577;222;135;213;226;191;169;157;28,4;0;115;114;229;188;204;668;652;708;760;743;681;622;527;483;555;588;807;767;741;805;812;742;766;718;167;192;226;194;172;95,4;150;60;78,2;49,8;27,9;12,8;71,6;108;183;203;215;227;236;312;322;728;689;585;634;656;720;760;728;756
VERA CRUZ - SP;247;281;247;199;196;85,8;94,7;129;161;185;323;621;616;736;687;680;467;747;714;686;707;671;584;551;712;691;308;588;504;217;139;217;231;285;262;251;137;115;0;19,7;151;106;97,4;593;579;635;687;669;603;532;437;393;465;498;717;677;696;744;739;669;693;645;88,6;102;126;103;81,6;17,5;38,4;80,3;104;93,4;97,4;95,6;165;202;133;191;203;215;225;306;310;655;616;513;564;582;647;687;655;683
GARCA - SP;264;296;265;106;214;103;112;147;178;202;322;639;633;753;704;698;485;752;720;692;712;676;590;557;730;709;319;605;521;234;157;234;248;284;262;250;135;114;19,7;0;141;103;103;612;596;653;704;687;620;538;443;398;471;504;723;683;702;750;756;686;710;662;106;107;120;109;87,3;34,4;20,5;56;78,6;69,3;87,1;95;156;201;150;207;221;232;241;324;327;672;633;530;582;599;664;704;672;701
BERNARDINO DE CAMPOS - SP;297;329;281;231;231;213;219;259;291;314;454;655;621;741;692;685;472;697;665;637;657;621;535;502;717;696;175;592;537;251;269;355;358;418;377;365;250;229;151;141;0;71,3;82,3;599;584;640;656;626;607;483;388;343;415;448;668;628;647;695;757;674;698;650;124;51,8;23,5;52,4;78,4;142;130;193;172;202;220;227;277;315;194;245;254;265;724;340;361;660;650;518;598;587;652;692;688;688
SALTO GRANDE - SP;232;266;216;167;167;156;155;209;225;250;394;590;584;704;655;649;436;666;634;606;626;590;504;471;681;660;228;561;471;185;204;291;294;353;335;305;210;188;106;103;71,3;0;15,9;563;547;604;625;595;576;452;357;312;384;417;637;597;616;664;707;637;661;613;58,2;22,6;43,2;43,5;15,6;90,6;100;153;191;166;170;169;238;275;129;179;188;200;210;276;295;623;584;481;533;550;615;655;623;652
IBIRAREMA - SP;219;251;202;153;153;143;140;181;212;236;380;576;571;691;642;635;422;677;645;617;637;601;515;482;667;646;239;572;459;173;191;277;280;339;322;291;226;204;97,4;103;82,3;15,9;0;549;534;590;642;624;587;463;368;323;395;428;648;607;627;675;694;624;648;600;44,9;30,9;54,5;54,8;25,8;88,9;100;170;201;183;184;185;255;291;116;167;175;187;196;262;282;610;571;468;519;537;602;642;610;638
SANTA TEREZA DO OESTE - PR;515;547;415;472;466;601;578;549;580;557;675;27,5;29,4;150;101;92,6;154;165;183;74,6;281;359;428;460;118;97,6;645;159;124;445;546;572;575;635;661;613;639;668;593;612;599;563;549;0;22,8;95,3;147;130;173;267;391;425;374;406;298;288;298;144;152;82,6;106;58,7;507;550;601;602;573;580;630;638;660;651;652;653;631;665;512;470;480;492;501;436;577;95,5;58;153;148;106;87,8;93,2;60,8;89,6
CASCAVEL - PR;501;531;399;457;450;585;563;534;565;542;656;48,7;44,8;165;116;108;134;181;198;247;267;339;416;443;143;650;628;142;112;430;531;556;560;619;646;597;623;652;579;596;584;547;534;22,8;0;81,3;121;122;157;253;374;408;353;390;334;271;276;160;168;98,1;121;72,4;491;535;586;564;557;564;614;622;645;637;636;657;616;650;497;456;464;474;485;420;557;84;45,6;141;136;94,6;76,2;115;82,9;112
GUARANIACU - PR;556;588;456;513;507;642;619;590;621;599;718;122;118;230;181;157;197;199;167;169;188;266;340;366;214;199;552;65,9;196;486;587;613;616;675;702;654;680;708;635;653;640;604;590;95,3;81,3;0;84,3;45,8;80,4;174;298;332;274;313;258;195;333;154;233;163;187;139;548;591;642;643;614;621;671;679;701;692;693;694;672;706;553;511;520;533;541;477;620;157;118;214;209;167;149;188;156;184
QUEDAS DO IGUACU - PR;607;639;507;565;558;693;670;641;672;650;760;165;113;172;120;108;239;116;98,1;121;142;270;352;370;256;250;555;69,7;211;537;638;664;667;727;753;705;731;760;687;704;656;625;642;147;121;84,3;0;58,6;84;178;302;336;278;317;218;155;321;69,9;168;114;137;89,6;599;607;642;642;632;672;722;730;753;743;744;765;724;757;604;562;572;584;593;528;662;199;170;257;260;210;192;239;199;227
NOVA LARANJEIRAS - PR;590;622;490;547;541;676;653;624;655;633;770;166;161;239;178;165;240;175;143;145;164;242;314;341;257;233;526;42;212;520;621;647;650;710;736;688;714;743;669;687;626;595;624;130;122;45,8;58,6;0;54,7;150;274;307;250;288;232;171;292;130;217;171;196;149;582;578;613;613;603;655;705;713;735;726;727;748;706;740;587;545;555;567;576;511;663;200;152;258;243;201;183;222;200;228
RIO BONITO DO IGUACU - PR;597;629;497;517;495;612;611;603;634;630;759;201;195;210;158;157;275;119;86,6;88,2;109;221;311;322;292;270;507;18,2;247;527;597;654;657;716;743;675;692;681;603;620;607;576;587;173;157;80,4;84;54,7;0;129;253;288;229;269;177;114;419;108;172;178;203;173;515;559;594;594;584;588;638;646;669;659;660;662;685;719;542;531;539;551;560;518;660;235;196;292;286;246;227;266;234;263
GUARAPUAVA - PR;518;550;418;439;416;534;532;524;555;561;680;122;289;315;266;266;271;220;187;159;179;135;230;197;386;370;382;114;319;448;519;575;578;638;664;596;614;622;532;538;483;452;463;267;253;174;178;150;129;0;129;163;104;144;213;150;194;217;272;290;314;266;446;434;469;469;459;523;543;587;599;600;601;603;607;640;463;473;460;495;504;439;581;328;290;385;380;339;320;359;328;356
IMBITUVA - PR;525;557;450;459;437;506;504;544;575;600;686;418;413;439;391;390;395;343;311;283;303;231;148;115;510;494;287;238;443;461;554;583;586;645;676;654;549;527;437;443;388;357;368;391;374;298;302;274;253;129;0;68;27,5;61,6;281;274;317;341;396;414;438;390;409;340;374;374;364;429;448;492;504;506;506;508;576;613;479;473;481;493;502;475;587;452;414;510;504;463;445;483;452;480
PONTA GROSSA - PR;489;521;413;423;401;461;460;500;531;555;649;453;447;473;425;424;403;378;345;317;338;287;204;171;544;529;227;273;451;425;510;547;550;610;631;610;504;483;393;398;343;312;323;425;408;332;336;307;288;163;68;0;84,5;118;337;308;292;431;421;449;472;424;365;295;330;330;320;384;404;448;459;461;462;464;531;569;435;437;445;457;466;439;551;487;448;544;538;498;479;518;486;515
IRATI - PR;553;585;477;487;465;534;532;571;603;589;712;393;389;428;367;366;370;319;287;259;279;206;123;89,6;485;464;313;214;418;489;582;610;614;673;700;644;576;555;465;471;415;384;395;374;353;274;278;250;229;104;27,5;84,5;0;36,6;255;250;292;317;372;390;414;366;437;367;402;408;392;456;476;520;531;533;534;536;603;641;507;501;509;521;530;503;614;428;390;486;480;439;420;459;428;456
RIO AZUL - PR;586;618;510;520;498;566;565;605;636;622;747;434;428;438;406;405;410;359;326;298;319;172;88.2;55;525;503;346;254;458;522;615;643;647;706;733;677;609;588;498;504;448;417;428;406;390;313;317;288;269;144;61,6;118;36,6;0;221;286;526;356;400;429;453;405;470;400;435;435;425;489;509;553;564;566;567;569;636;674;540;534;542;554;563;536;648;468;429;525;519;479;460;499;467;496
PALMAS - PR;723;755;623;643;621;738;746;729;760;766;886;325;269;222;199;210;452;136;128;119;67;154;135;174;416;402;565;195;424;653;723;780;783;842;869;821;829;807;717;723;668;637;648;298;334;258;218;232;177;213;281;337;255;221;0;66;399;170;175;218;239;240;641;620;655;655;645;709;728;773;784;786;787;788;811;845;668;678;687;700;708;644;788;412;348;470;438;423;379;391;358;387
MANGUEIRINHA - PR;660;692;560;580;558;675;683;666;697;703;823;315;238;226;176;175;389;117;84,3;56,4;76,2;116;200;240;406;385;527;133;361;590;661;717;720;780;806;758;789;767;677;683;628;597;607;288;271;195;155;171;114;150;274;308;250;286;66;0;336;126;178;201;230;215;578;579;614;614;604;668;688;732;743;745;746;748;748;782;605;615;625;637;646;581;725;349;311;407;401;360;342;380;349;377
SAO JOAO DO IVAI - PR;657;689;557;578;555;673;680;663;694;358;485;319;313;439;390;378;165;405;373;345;365;329;275;385;410;395;547;258;201;588;658;714;717;777;804;755;753;741;696;702;647;616;627;298;276;333;321;292;419;194;317;292;292;526;399;336;0;381;442;372;390;343;575;599;634;634;624;649;707;706;729;720;721;722;746;779;602;612;622;634;643;578;387;352;257;241;347;240;344;342;352;381
DOIS VIZINHOS - PR;652;684;552;610;603;738;716;686;718;696;815;170;115;105;52,8;51,9;293;48,6;41,7;83,9;104;284;300;340;263;241;595;126;260;583;684;709;713;772;799;750;776;805;744;750;695;664;675;144;160;154;69,9;130;108;217;341;431;317;356;170;126;381;0;99,6;72,8;97,7;92,3;623;647;682;682;672;696;755;754;798;789;768;810;769;803;650;608;617;629;638;574;716;232;194;289;284;243;224;237;204;233
SALGADO FILHO - PR;659;691;559;617;610;745;723;695;724;702;820;179;134;40,8;52,4;103;299;53,1;88;146;166;333;314;344;270;249;657;190;269;590;690;716;719;779;806;757;783;812;739;756;757;707;694;152;168;233;168;217;172;272;396;421;372;400;175;178;442;99,6;0;72,1;93,8;94;651;709;744;744;717;724;774;782;805;795;796;798;776;810;656;614;624;636;645;580;722;251;202;298;292;262;243;245;213;252
REALEZA - PR;589;621;490;547;540;675;653;624;655;633;750;110;53,6;69,7;20,5;40,7;229;84,6;120;159;179;367;348;387;201;179;668;182;199;520;621;646;650;709;736;687;713;742;669;686;674;637;624;82,6;98,1;163;114;171;178;290;414;449;390;429;218;201;372;72,8;72,1;0;43,7;24,3;581;652;676;676;647;655;705;712;735;726;727;728;706;740;587;545;554;566;575;511;652;170;132;228;222;181;163;175;143;172
CAPANEMA - PR;613;645;513;571;564;699;677;648;678;656;774;132;77,3;55,6;45,2;65,2;253;107;148;187;207;389;369;409;225;210;691;206;223;544;644;670;674;678;760;711;737;766;693;710;698;661;648;106;121;187;137;196;203;314;438;472;414;453;239;230;390;97,7;93,8;43,7;0;47,8;605;648;700;700;671;678;728;7366;759;749;777;771;730;764;611;568;578;590;599;534;676;194;156;251;246;205;187;199;167;195
CAPITAO LEONIDAS MARQUES - PR;565;597;466;523;516;651;629;600;631;609;726;84,8;29,7;103;42,4;40,4;205;107;131;188;208;358;370;409;179;162;644;158;175;496;597;622;626;685;712;664;689;718;645;662;650;613;600;58,7;72,4;139;89,6;149;173;266;390;424;366;405;240;215;343;92,3;94;24,3;47,8;0;558;601;652;652;623;631;681;689;711;702;729;724;682;716;563;521;530;542;551;487;628;147;108;204;198;157;139;151;119;148
ASSIS - SP;180;212;164;114;113;103;101;141;173;197;341;534;528;648;599;593;380;648;616;588;607;572;556;523;625;604;282;500;416;133;151;237;241;300;283;251;188;167;88,6;106;124;58,2;44,9;507;491;548;599;582;515;446;409;365;437;470;641;578;575;623;651;581;605;558;0;73,2;96,8;156;68,1;74,2;124;132;155;145;146;148;215;253;76,1;128;136;147;156;222;242;567;528;425;477;494;559;599;567;596
OURINHOS - SP;249;281;231;182;182;68,4;170;210;240;265;409;577;572;692;643;636;423;649;617;589;609;573;486;454;668;647;209;544;487;200;219;305;311;368;340;320;214;192;102;107;51,8;22,6;30,9;550;535;591;607;578;559;434;340;295;367;400;620;579;599;647;709;652;648;601;73,2;0;32,2;39,6;29,7;94,6;104;157;179;171;175;173;243;279;145;196;203;215;225;291;310;610;599;468;548;538;603;643;638;639
SANTA CRUZ DO RIO DO PARDO - SP;271;305;254;205;204;195;192;233;264;288;433;628;623;743;694;687;474;684;652;624;644;608;521;488;719;698;200;579;511;224;243;329;332;391;373;361;247;226;126;120;23,5;43,2;54,5;601;586;642;642;613;594;469;374;330;402;435;655;614;634;682;744;676;700;652;96,8;32,2;0;22,6;53,4;119;109;171;134;163;198;207;276;312;168;217;227;239;248;314;334;661;623;520;571;589;654;694;662;690
SAO PEDRO DO TURVO - SP;271;305;255;206;204;165;174;209;240;264;402;628;623;743;694;688;475;684;616;624;644;608;521;488;719;698;228;579;516;224;219;329;332;392;342;330;216;194;103;109;52,4;43,5;54,8;602;564;643;642;613;594;469;374;330;408;435;655;614;634;682;744;676;700;652;156;39,6;22,6;0;30,6;96,7;75,6;160;169;198;177;175;245;281;168;218;227;239;248;312;334;662;623;520;571;589;654;694;662;690
RIBEIRAO DO SUL - SP;242;276;226;177;172;143;152;187;218;243;380;600;594;714;665;659;446;674;642;614;634;598;511;478;691;669;235;569;482;195;197;300;299;363;320;308;194;172;81,6;87,3;78,4;15,6;25,8;573;557;614;632;603;584;459;364;320;392;425;645;604;624;672;717;647;671;623;68,1;29,7;53,4;30,6;0;74,8;84,5;138;158;151;155;153;223;259;139;189;198;210;215;281;305;633;594;491;543;560;625;665;633;662
MARILIA - SP;233;265;233;184;184;66,9;74,3;110;142;165;304;607;601;722;673;666;453;738;706;678;698;662;575;543;698;677;299;573;489;203;120;198;210;266;244;232;117;95,4;17,5;34,4;142;90,6;88,9;580;564;621;672;655;588;523;429;384;456;489;709;668;649;696;724;655;678;631;74,2;94,6;119;96,7;74,8;0;53;61,4;83,1;74,5;78,5;76,7;146;183;119;176;189;201;210;293;296;640;601;498;550;568;633;673;640;669
GALIA - SP;283;315;283;233;233;121;130;165;196;221;342;657;651;772;723;716;503;758;725;697;717;681;595;562;748;727;308;623;539;253;176;252;266;305;283;271;156;150;38,4;20,5;130;100;100;630;614;671;722;705;638;543;448;404;476;509;728;688;707;755;774;705;728;681;124;104;109;75,6;84,5;53;0;76,5;75,7;89,7;108;115;185;221;168;226;239;251;259;342;346;690;652;548;600;618;683;723;690;719
GUARANTA - SP;299;331;291;241;241;115;124;162;195;220;268;665;659;779;731;724;511;802;747;719;761;726;639;606;756;735;343;631;547;262;175;251;266;230;207;196;81,2;60;80,3;56;193;153;170;638;622;679;730;713;646;587;492;448;520;553;773;732;706;754;782;712;7366;689;132;157;171;160;138;61,4;76,5;0;24,4;15;32,9;41,2;110;147;176;242;254;267;276;352;361;698;659;556;608;625;690;693;698;727
PIRAJUI - SP;316;351;310;259;263;138;147;180;214;238;286;687;682;802;753;746;533;813;781;753;773;737;650;618;778;757;321;654;570;279;193;270;284;248;226;214;99,3;78,2;104;78,6;172;191;201;660;645;701;753;735;669;599;504;459;531;564;784;743;729;798;805;735;759;711;155;179;134;169;158;83,1;75,7;24,4;0;33,5;51,3;59,7;129;165;199;260;273;285;294;370;379;721;682;579;630;648;713;753;721;749
CAFELANDIA - SP;231;321;283;230;257;115;124;151;185;210;258;678;672;793;744;737;524;815;760;732;775;739;652;620;769;748;352;644;560;252;165;242;255;220;198;186;70,9;49,8;93,4;69,3;202;166;183;651;637;692;743;726;659;600;506;461;533;566;786;745;720;789;795;726;749;702;145;171;163;198;151;74,5;89,7;15;33,5;0;22,7;30,5;100;137;189;231;244;256;265;341;351;711;673;569;621;639;704;744;711;740
LINS - SP;270;302;264;212;239;93,8;106;133;168;192;240;679;673;794;745;738;525;816;761;733;776;740;653;620;770;749;369;645;561;234;146;224;237;202;180;168;52,7;27,9;97,4;87,1;220;170;184;652;636;693;744;727;660;601;506;462;534;567;787;746;721;768;796;727;777;729;146;175;198;177;155;78,5;108;32,9;51,3;22,7;0;13,5;82,6;119;194;213;227;238;247;323;333;712;673;596;622;640;705;745;712;741
GUAICARA - SP;265;297;258;206;234;95,4;104;127;162;186;234;700;675;795;746;739;546;830;762;734;777;741;655;622;771;770;378;647;563;228;141;218;231;197;174;162;47,1;12,8;95,6;95;227;169;185;653;657;694;765;748;662;603;508;464;536;569;788;748;722;810;798;728;771;724;148;173;207;175;153;76,7;115;41,2;59,7;30,5;13,5;0;77;113;188;208;221;233;242;318;328;714;675;590;623;661;725;746;714;742
BIRIGUI - SP;222;254;216;164;191;114;118;84,6;120;140;165;658;653;773;724;717;504;788;786;758;778;742;722;690;749;728;448;670;541;185;97,9;172;183;127;103;91,5;43;71,6;165;156;277;238;255;631;616;672;724;706;685;607;576;531;603;636;811;748;746;769;776;706;730;682;215;243;276;245;223;146;185;110;129;100;82,6;77;0;37,9;145;165;179;190;199;275;286;692;653;551;602;620;684;724;692;720
BURITAMA - SP;251;283;245;192;219;150;154;120;154;175;198;692;687;807;758;751;538;822;820;792;811;776;760;727;783;762;484;704;575;214;134;207;218;161;139;127;53,3;108;202;201;315;275;291;665;650;706;757;740;719;640;613;569;641;674;845;782;779;803;810;740;764;716;253;279;312;281;259;183;221;147;165;137;119;113;37,9;0;181;194;213;219;228;303;320;725;687;584;636;654;718;758;725;754
RANCHARIA - SP;115;150;109;57,1;72,2;84,5;65,2;63,2;94,4;119;265;539;534;654;605;598;385;669;628;614;634;599;626;593;630;609;350;527;421;78,1;73,1;150;167;224;204;174;154;183;133;150;194;129;116;512;497;553;604;587;542;463;479;435;507;540;668;605;602;650;656;587;611;563;76,1;145;168;168;139;119;168;176;199;189;194;188;145;181;0;59;71,7;83,5;92,2;168;178;572;534;443;494;512;565;605;572;601
PRES. PRUDENTE - SP;57,5;91,8;55,3;17,8;38,7;136;114;83,4;114;90,3;219;497;491;612;563;556;343;627;618;625;644;609;620;587;588;567;402;516;379;24,9;80,7;116;118;178;206;146;174;203;191;207;245;179;167;470;456;511;562;545;531;473;473;437;501;534;678;615;612;608;614;545;568;521;128;196;217;218;189;176;226;242;260;231;213;208;165;194;59;0;13,8;25,6;34,2;114;120;530;491;389;441;459;523;563;530;559
ALVARES MACHADO - SP;48,3;80,2;65;30,5;48,2;149;126;97,2;110;85,6;210;506;501;621;572;565;352;636;648;634;654;618;628;595;597;576;412;547;389;34,4;94,2;106;109;169;195;141;187;215;203;221;254;188;175;480;464;520;572;555;539;460;481;445;509;542;687;625;622;617;624;554;578;530;136;203;227;227;198;189;239;254;273;244;227;221;179;213;71,7;13,8;0;16;25;125;112;540;501;399;450;468;532;572;540;568
PRES. BERNARDES - SP;40,5;72,4;76,8;42,3;60;161;138;109;139;84,6;202;518;513;633;584;578;365;648;638;646;666;630;640;607;609;588;422;536;401;46,2;106;99,3;101;161;189;140;198;227;215;232;265;200;187;492;474;533;584;567;551;495;493;457;521;554;700;637;634;629;636;566;590;542;147;215;239;239;210;201;251;267;285;256;238;233;190;219;83,5;25,6;16;0;17,2;118;104;552;513;411;462;480;544;584;552;580
SANTO ANASTACIO - SP;27,2;61,4;85,8;51;69,4;170;147;117;149;124;189;527;522;642;593;586;373;657;647;655;675;639;649;616;618;597;431;545;410;55;115;85,5;87,5;148;176;178;207;236;225;241;724;210;196;501;485;541;593;576;560;504;502;466;530;563;708;646;643;638;645;575;599;551;156;225;248;248;215;210;259;276;294;265;247;242;199;228;92,2;34,2;25;17,2;0;104;90,1;561;522;420;471;489;553;593;561;589
TEODORO SAMPAIO - SP;83,6;118;66,6;117;135;245;222;193;205;180;245;463;457;578;529;522;309;593;605;591;611;575;622;589;554;533;497;503;345;89,5;191;142;145;204;232;234;283;312;306;324;340;276;262;436;420;477;528;511;518;439;475;439;503;536;644;581;578;574;580;511;534;487;222;291;314;312;281;293;342;352;370;341;323;318;275;303;168;114;125;118;104;0;133;415;457;328;379;397;435;529;496;525
BATAGUASSU - MS;65,9;36,9;172;137;155;255;233;204;191;166;135;603;599;719;670;664;451;735;747;734;754;718;734;701;695;680;519;645;424;141;201;128;131;190;217;221;293;322;310;327;361;295;282;577;557;620;662;663;660;581;587;551;614;648;788;725;387;716;722;652;676;628;242;310;334;334;305;296;346;361;379;351;333;328;286;320;178;120;112;104;90,1;133;0;486;471;394;450;497;494;538;548;571
MAL. CANDIDO RONDON - PR;477;522;475;533;526;661;638;609;640;618;623;123;117;238;189;180;215;253;271;323;343;420;494;521;163;149;706;220;113;505;606;632;635;695;721;673;699;728;655;672;660;623;610;95,5;84;157;199;200;235;328;452;487;428;468;412;349;352;232;251;170;194;147;567;610;661;662;633;640;690;698;721;711;712;714;692;725;572;530;540;552;561;415;486;0;42;88,5;88,6;18,2;9,8;58,2;90,9;91,5
TOLEDO - PR;536;568;436;494;487;622;600;571;602;580;627;62,2;78,8;199;150;142;177;214;232;285;304;382;456;483;153;132;667;182;74,4;467;568;593;597;656;683;634;660;689;616;633;650;584;571;58;45,6;118;170;152;196;290;414;448;390;429;348;311;257;194;202;132;156;108;528;599;623;623;594;601;652;659;682;673;673;675;653;687;534;491;501;513;522;457;471;42;0;103;97,2;56,3;34,4;84,5;74,3;116
IPORA - PR;390;422;330;390;383;520;497;468;499;477;550;179;175;295;246;238;143;310;328;380;400;477;552;578;271;256;647;278;122;364;465;447;450;510;536;532;558;585;513;530;518;481;468;153;141;214;257;258;292;385;510;544;486;525;470;407;241;289;298;228;251;204;425;468;520;520;491;498;548;556;579;569;596;590;551;584;443;389;399;411;420;328;394;88,5;103;0;54;71,3;90,3;173;181;206
TERRA ROXA - PR;461;486;382;443;435;571;549;520;551;529;587;175;169;289;240;232;195;304;322;375;394;472;546;573;266;245;758;272;112;412;513;518;521;581;608;584;609;634;564;582;598;533;519;148;136;209;260;243;286;380;504;538;480;519;438;401;347;284;292;222;246;198;477;548;571;571;543;550;600;608;630;621;622;623;602;636;494;441;450;462;471;379;450;88,6;97,2;54;0;65,9;96;140;172;174
NOVA SANTA ROSA - PR;479;533;399;461;452;589;567;538;569;546;634;134;128;249;199;191;184;263;281;333;354;431;505;532;181;181;717;231;104;434;531;536;539;598;625;601;627;656;582;599;587;550;537;106;94,6;167;210;201;246;339;463;498;439;479;423;360;240;243;262;181;205;157;494;538;589;589;560;568;618;625;648;639;640;661;620;654;512;459;468;480;489;397;497;18,2;56,3;71,3;65,9;0;19,8;75,9;107;109
QUATRO PONTES - PR;497;530;467;525;518;653;631;601;633;611;632;115;110;230;181;173;207;245;263;315;335;412;487;513;185;170;699;213;105;498;599;554;558;617;644;665;691;720;647;664;652;615;602;87,8;76,2;149;192;183;227;320;445;479;420;460;379;342;344;224;243;163;187;139;559;603;654;654;625;633;683;690;713;704;705;725;684;718;565;523;532;544;553;435;494;9,8;34,4;90,3;96;19,8;0;66,4;106;99,6
SANTA HELENA - PR;607;639;507;565;558;693;671;642;673;650;675;76,3;122;242;193;185;246;257;275;354;374;451;520;552;107;85,3;644;251;159;538;639;664;668;727;754;706;731;760;687;704;692;655;642;93,2;115;188;239;222;266;359;483;518;459;499;391;380;342;237;245;175;199;151;599;643;694;694;665;673;723;693;753;744;745;746;724;758;605;563;572;584;593;529;538;58,2;84,5;173;140;75,9;66,4;0;32,9;34,7
DIAMANTE DO OESTE - PR;575;607;475;533;526;661;639;609;640;618;735;43,2;89,6;210;161;682;214;226;243;322;342;419;488;520;115;93,8;705;220;152;506;606;632;635;695;722;673;699;728;655;672;688;623;610;60,8;82,9;156;199;200;234;328;452;486;428;467;358;349;352;204;213;143;167;119;567;638;662;662;633;640;690;698;721;711;712;714;692;725;572;530;540;552;561;496;548;90,9;74,3;181;172;107;106;32,9;0;42,7
MISSAL - PR;604;636;504;561;555;689;667;638;669;647;764;63,3;118;239;190;181;285;254;272;350;370;448;517;549;72,7;58,1;734;248;213;534;635;661;664;723;750;702;727;756;683;701;688;652;638;89,6;112;184;227;228;263;356;480;515;456;496;387;377;381;233;252;172;195;148;596;639;690;690;662;669;719;727;749;740;741;742;720;754;601;559;568;580;589;525;571;91,5;116;206;174;109;99,6;34,7;42,7;0
